Date,Description,Amount,Balance
01/08/2026,SO RENT J MURPHY LANDLORD,-1750.00,400.00
01/08/2026,TRANSFER TO SAVINGS ACCOUNT,-400.00,0.00
01/08/2026,TRADING 212 DEPOSIT,-300.00,-300.00
01/08/2026,VDP-DUNNES STORES,-91.61,-391.61
01/08/2026,VDP-DELIVEROO,-27.48,-419.09
03/08/2026,D/D CREDIT UNION LOAN REPAYMENT,-320.00,-739.09
03/08/2026,LEAP CARD TFI,-20.00,-759.09
04/08/2026,VDP-DUNNES STORES,-67.88,-826.97
05/08/2026,D/D ELECTRIC IRELAND,-92.51,-919.48
05/08/2026,VDP-CHOPPED,-4.48,-923.96
06/08/2026,VDP-CHOPPED,-4.37,-928.33
07/08/2026,D/D VIRGIN MEDIA BROADBAND,-65.00,-993.33
08/08/2026,NETFLIX.COM,-13.99,-1007.32
08/08/2026,VDP-SUPERVALU,-91.60,-1098.92
08/08/2026,VDP-WAGAMAMA,-26.38,-1125.30
09/08/2026,VDP-CIRCLE K,-58.76,-1184.06
10/08/2026,PAYPAL *SPOTIFY,-11.99,-1196.05
10/08/2026,LEAP CARD TFI,-20.00,-1216.05
11/08/2026,VDP-LIDL,-48.82,-1264.87
11/08/2026,VDP-INSOMNIA COFFEE,-9.34,-1274.21
12/08/2026,D/D VHI HEALTHCARE,-118.40,-1392.61
13/08/2026,VDP-PENNEYS,-74.44,-1467.05
14/08/2026,VDP-DELIVEROO,-51.09,-1518.14
15/08/2026,D/D VODAFONE IRELAND,-30.00,-1548.14
15/08/2026,VDP-SUPERVALU,-43.39,-1591.53
16/08/2026,VDP-HICKEYS PHARMACY,-19.70,-1611.23
17/08/2026,VDP-BOOJUM,-12.76,-1623.99
17/08/2026,LEAP CARD TFI,-20.00,-1643.99
18/08/2026,FLYEFIT MEMBERSHIP,-39.99,-1683.98
18/08/2026,VDP-DUNNES STORES,-49.48,-1733.46
20/08/2026,D/D BORD GAIS ENERGY,-47.32,-1780.78
21/08/2026,VDP-OMNIPLEX CINEMA,-24.21,-1804.99
22/08/2026,VDP-DUNNES STORES,-69.58,-1874.57
22/08/2026,VDP-WAGAMAMA,-31.92,-1906.49
22/08/2026,RYANAIR,-148.99,-2055.48
23/08/2026,VDP-CIRCLE K,-60.81,-2116.29
24/08/2026,LEAP CARD TFI,-20.00,-2136.29
25/08/2026,ACME TECHNOLOGY LTD SALARY,4236.18,2099.89
25/08/2026,VDP-ALDI,-32.55,2067.34
28/08/2026,VDP-THE BRAZEN HEAD PUB,-52.53,2014.81
28/08/2026,VDP-IKEA,-30.84,1983.97
29/08/2026,VDP-TESCO STORES,-91.40,1892.57
29/08/2026,VDP-DELIVEROO,-26.91,1865.66
30/08/2026,REVENUE COMMISSIONERS REFUND,212.40,2078.06
31/08/2026,LEAP CARD TFI,-20.00,2058.06
01/09/2026,SO RENT J MURPHY LANDLORD,-1750.00,308.06
01/09/2026,TRANSFER TO SAVINGS ACCOUNT,-400.00,-91.94
01/09/2026,TRADING 212 DEPOSIT,-300.00,-391.94
01/09/2026,VDP-SUPERVALU,-94.55,-486.49
02/09/2026,VDP-CHOPPED,-12.40,-498.89
03/09/2026,D/D CREDIT UNION LOAN REPAYMENT,-320.00,-818.89
03/09/2026,VDP-CHOPPED,-7.25,-826.14
04/09/2026,VDP-JUST EAT,-60.88,-887.02
05/09/2026,D/D ELECTRIC IRELAND,-89.53,-976.55
05/09/2026,VDP-LIDL,-55.86,-1032.41
07/09/2026,D/D VIRGIN MEDIA BROADBAND,-65.00,-1097.41
07/09/2026,VDP-COSTA COFFEE,-8.16,-1105.57
07/09/2026,LEAP CARD TFI,-20.00,-1125.57
08/09/2026,NETFLIX.COM,-13.99,-1139.56
08/09/2026,VDP-SUPERVALU,-48.06,-1187.62
08/09/2026,VDP-CHOPPED,-12.18,-1199.80
09/09/2026,VDP-CHOPPED,-13.37,-1213.17
09/09/2026,VDP-CIRCLE K,-66.61,-1279.78
10/09/2026,PAYPAL *SPOTIFY,-11.99,-1291.77
10/09/2026,VDP-COSTA COFFEE,-5.26,-1297.03
11/09/2026,VDP-COSTA COFFEE,-10.19,-1307.22
11/09/2026,VDP-JUST EAT,-36.61,-1343.83
12/09/2026,D/D VHI HEALTHCARE,-118.40,-1462.23
12/09/2026,VDP-TESCO STORES,-39.47,-1501.70
12/09/2026,VDP-THE BRAZEN HEAD PUB,-69.75,-1571.45
13/09/2026,VDP-PENNEYS,-63.81,-1635.26
14/09/2026,LEAP CARD TFI,-20.00,-1655.26
14/09/2026,VDP-SQ *FARMERS MARKET,-18.50,-1673.76
15/09/2026,D/D VODAFONE IRELAND,-30.00,-1703.76
15/09/2026,VDP-SUPERVALU,-55.50,-1759.26
15/09/2026,VDP-INSOMNIA COFFEE,-8.47,-1767.73
16/09/2026,VDP-COSTA COFFEE,-4.45,-1772.18
16/09/2026,VDP-HICKEYS PHARMACY,-15.76,-1787.94
17/09/2026,VDP-BUTLERS CAFE,-9.63,-1797.57
18/09/2026,FLYEFIT MEMBERSHIP,-39.99,-1837.56
18/09/2026,VDP-BOOJUM,-5.27,-1842.83
18/09/2026,VDP-THE BRAZEN HEAD PUB,-53.46,-1896.29
19/09/2026,VDP-TESCO STORES,-86.83,-1983.12
20/09/2026,D/D BORD GAIS ENERGY,-44.46,-2027.58
21/09/2026,VDP-BUTLERS CAFE,-9.64,-2037.22
21/09/2026,LEAP CARD TFI,-20.00,-2057.22
21/09/2026,VDP-OMNIPLEX CINEMA,-20.64,-2077.86
22/09/2026,VDP-TESCO STORES,-85.18,-2163.04
23/09/2026,VDP-CHOPPED,-6.82,-2169.86
23/09/2026,VDP-CIRCLE K,-57.45,-2227.31
25/09/2026,ACME TECHNOLOGY LTD SALARY,4236.18,2008.87
25/09/2026,VDP-JUST EAT,-48.78,1960.09
26/09/2026,VDP-LIDL,-91.81,1868.28
26/09/2026,VDP-JUST EAT,-57.12,1811.16
